ID,Faza,Oblast,Priorita,Uloha,Zaklad_hodin,Zavislosti,Kriterium_prijatia,Vlastnik,Stav
P0-01,P0,Zadanie a hranice,P0,Potvrdiť pracovný proces a mimo-rozsah,4,,"Spísaný vstup, vlastník, stavy, výstup a zoznam funkcií mimo v1.","Zakladateľ AiOS; AI pomáha, človek overuje",Navrhnuté
P0-02,P0,Zadanie a hranice,P0,Pripraviť tri fiktívne firmy a scenáre,4,P0-01,Dva oddelené klientske účty a interná firma; žiadne produkčné osobné údaje.,"Zakladateľ AiOS; AI pomáha, človek overuje",Navrhnuté
P0-03,P0,Zadanie a hranice,P0,Schváliť obrazovky a akceptačné kritériá,4,P0-02,Klikateľný návrh hlavnej cesty; potvrdené rozhodnutie o stacku a prevádzke.,"Zakladateľ AiOS; AI pomáha, človek overuje",Navrhnuté
P1-01,P1,Základ a oprávnenia,P0,Založiť privátny repozitár a prostredia,6,P0-03,"Oddelený vývoj, test a produkcia; kontrola typov a automatické testy pri zmene.","Zakladateľ AiOS; AI pomáha, človek overuje",Navrhnuté
P1-02,P1,Základ a oprávnenia,P0,"Prihlásenie, pozvánky a obnova prístupu",6,P1-01,Exspirujúca pozvánka; možnosť odobrať prístup; MFA správcu pred ostrou prevádzkou.,"Zakladateľ AiOS; AI pomáha, človek overuje",Navrhnuté
P1-03,P1,Základ a oprávnenia,P0,Dátový model a serverové oprávnenia,6,P1-02,workspace_id odlíšené od customer_org_id; všetky operácie overujú rolu a vlastníctvo.,"Zakladateľ AiOS; AI pomáha, človek overuje",Navrhnuté
P1-04,P1,Základ a oprávnenia,P0,Negatívne testy prístupov,6,P1-03,"Klient A nedokáže čítať ani meniť kartu, súbor, export alebo AI kontext klienta B.","Zakladateľ AiOS; AI pomáha, človek overuje",Navrhnuté
P2-01,P2,Dopyty a CRM,P0,Register organizácií a kontaktov,8,P1-04,"Vyhľadávanie, vlastník, poznámky; návrh duplicít nepresúva ani nespája dáta bez schválenia.","Zakladateľ AiOS; AI pomáha, človek overuje",Navrhnuté
P2-02,P2,Dopyty a CRM,P0,Karta dopytu a povolené zmeny stavu,8,P2-01,"Každý otvorený dopyt má vlastníka, ďalší krok a dátum; prechod sa overí na serveri.","Zakladateľ AiOS; AI pomáha, človek overuje",Navrhnuté
P2-03,P2,Dopyty a CRM,P0,Ručný vstup a verejný formulár,6,P2-02,"Serverové overenie vstupu a e-mailu, obmedzenie frekvencie, bezpečný zápis bez odhalenia údajov.","Zakladateľ AiOS; AI pomáha, človek overuje",Navrhnuté
P2-04,P2,Dopyty a CRM,P0,Idempotentný príjem a front notifikácií,6,P2-03,Rovnaké request_id pri opakovaní vytvorí jednu kartu; nedoručený e-mail nezmaže dopyt.,"Zakladateľ AiOS; AI pomáha, človek overuje",Navrhnuté
P3-01,P3,Audit a návrh ponuky,P1,Štruktúrovaná auditná karta,6,P2-04,"Proces, dáta, systémy, riziká, baseline, vlastník a tri príležitosti s overenými podkladmi.","Zakladateľ AiOS; AI pomáha, človek overuje",Navrhnuté
P3-02,P3,Audit a návrh ponuky,P1,Verziovaný rozsah a Blueprint,6,P3-01,"In-scope, out-of-scope, predpoklady a kritériá prijatia majú konkrétnu verziu.","Zakladateľ AiOS; AI pomáha, človek overuje",Navrhnuté
P3-03,P3,Audit a návrh ponuky,P1,Ponuka z riadených položiek,6,P3-02,Ceny vypočíta kód z položiek; AI nemôže doplniť záväznú cenu ani termín.,"Zakladateľ AiOS; AI pomáha, človek overuje",Navrhnuté
P3-04,P3,Audit a návrh ponuky,P1,Interné schválenie a export ponuky,6,P3-03,Po úprave vznikne nová verzia; pred publikovaním je schválená; export nezverejní interné náklady.,"Zakladateľ AiOS; AI pomáha, človek overuje",Navrhnuté
P4-01,P4,Klientsky portál a súbory,P0,Portál s explicitným členstvom,8,P3-04,Klient vidí len priradené projekty; e-mailová doména automaticky neprideľuje prístup.,"Zakladateľ AiOS; AI pomáha, človek overuje",Navrhnuté
P4-02,P4,Klientsky portál a súbory,P0,Požiadavky na podklady a súkromné súbory,8,P4-01,"Povolené typy a limity, kontrola obsahu/MIME a karanténa; prístup sa overí aj pri sťahovaní.","Zakladateľ AiOS; AI pomáha, človek overuje",Navrhnuté
P4-03,P4,Klientsky portál a súbory,P0,Publikovanie a schválenie konkrétnej verzie,8,P4-02,Rozpracované poznámky sú súkromné; klient potvrdzuje konkrétnu verziu dokumentu.,"Zakladateľ AiOS; AI pomáha, človek overuje",Navrhnuté
P4-04,P4,Klientsky portál a súbory,P0,Portálová časová os a komentáre,8,P4-03,Interné a zdieľané udalosti majú oddelené payloady; test sa vykoná aj priamo cez API.,"Zakladateľ AiOS; AI pomáha, človek overuje",Navrhnuté
P5-01,P5,Realizácia a odovzdanie,P1,"Projekt, míľniky a úlohy",6,P4-04,Schválený rozsah sa prevedie do projektu bez straty zdrojovej verzie a vlastníka.,"Zakladateľ AiOS; AI pomáha, človek overuje",Navrhnuté
P5-02,P5,Realizácia a odovzdanie,P1,Zmenové požiadavky,6,P5-01,Zmena má dopad na cenu a termín; neschválená zmena nemení platný rozsah.,"Zakladateľ AiOS; AI pomáha, človek overuje",Navrhnuté
P5-03,P5,Realizácia a odovzdanie,P1,Odovzdávací protokol a servisná požiadavka,4,P5-02,"Odovzdanie viazané na akceptačné testy; podpora je jednoduchý ticket, nie chat v reálnom čase.","Zakladateľ AiOS; AI pomáha, človek overuje",Navrhnuté
P5-04,P5,Realizácia a odovzdanie,P1,Dashboard a časové metriky,4,P5-03,Dashboard ukazuje otvorené a omeškané kroky; KPI vychádzajú z uložených časových udalostí.,"Zakladateľ AiOS; AI pomáha, človek overuje",Navrhnuté
P6-01,P6,AI a integrácia webu,P1,AI sumarizácia a chýbajúce údaje,8,P5-04,"Výstup podľa schémy, s odkazom na vstup; neisté údaje zostanú neznáme; bez globálneho vyhľadávania.","Zakladateľ AiOS; AI pomáha, človek overuje",Navrhnuté
P6-02,P6,AI a integrácia webu,P1,Návrh odpovede a schvaľovací záznam,8,P6-01,"Schválenie je viazané na hash/verziu obsahu, adresáta a operáciu; zmena vyžaduje nové schválenie.","Zakladateľ AiOS; AI pomáha, človek overuje",Navrhnuté
P6-03,P6,AI a integrácia webu,P1,Napojenie existujúceho webového formulára,6,P6-02,Zdrojový projekt je najprv identifikovaný; testovací formulár vytvorí kartu a zachová dohodnutú notifikáciu.,"Zakladateľ AiOS; AI pomáha, človek overuje",Navrhnuté
P6-04,P6,AI a integrácia webu,P1,"AI evaluačná sada, limity a fallback",6,P6-03,Najmenej 30 scenárov vrátane prompt injection a cudzieho klienta; výpadok AI neblokuje ručné spracovanie.,"Zakladateľ AiOS; AI pomáha, človek overuje",Navrhnuté
P7-01,P7,Overenie a prevádzka,P0,"E2E, bezpečnosť a mobilná použiteľnosť",10,P6-04,"Pokryté hlavné cesty, súbežné zmeny, priame API útoky na prístupy a mobilné šírky.","Zakladateľ AiOS; AI pomáha, človek overuje",Navrhnuté
P7-02,P7,Overenie a prevádzka,P0,Zálohy databázy aj súborov a obnova,8,P7-01,"Obnova do čistého testovacieho prostredia preukáže údaje, prílohy aj oprávnenia; výsledok zapísaný.","Zakladateľ AiOS; AI pomáha, človek overuje",Navrhnuté
P7-03,P7,Overenie a prevádzka,P0,"Monitoring, náklady a prenositeľné nasadenie",8,P7-02,"Neúspešné úlohy sú viditeľné, retry obmedzené; nasadenie zo zdrojov a návod fungujú mimo autorovho zariadenia.","Zakladateľ AiOS; AI pomáha, človek overuje",Navrhnuté
P7-04,P7,Overenie a prevádzka,P0,"Interný pilot, návod a release gate",6,P7-03,Dva týždne interného používania s priebežným záznamom; nulové otvorené kritické chyby; rozhodnutie go/no-go.,"Zakladateľ AiOS; AI pomáha, človek overuje",Navrhnuté
